CENTRO DE SALUD ALAMEDILLA;AV. COMUNEROS 27-31  ;SALAMANCA;SALAMANCA;923126591;CENTROS DE ATENCIÓN PRIMARIA: CENTROS DE SALUD
CENTRO DE SALUD ALFONSO SÁNCHEZ MONTERO;CL. ALFAREROS 0  ;SALAMANCA;SALAMANCA;923232630;CENTROS DE ATENCIÓN PRIMARIA: CENTROS DE SALUD
CENTRO DE SALUD ARTURO EYRIES;CL. PUERTO RICO 1  ;VALLADOLID;VALLADOLID;983471508;CENTROS DE ATENCIÓN PRIMARIA: CENTROS DE SALUD
CENTRO DE SALUD ASTORGA I;CL. GASPAR BECERRA 0  ;ASTORGA;LEON;987618552;CENTROS DE ATENCIÓN PRIMARIA: CENTROS DE SALUD
CENTRO DE SALUD ASTORGA II;CL. GASPAR BECERRA 0  ;ASTORGA;LEON;987618552;CENTROS DE ATENCIÓN PRIMARIA: CENTROS DE SALUD
CENTRO DE SALUD ÁVILA NORTE;CL.  ARTURO DUPERIER 4  ;AVILA;AVILA;920212843;CENTROS DE ATENCIÓN PRIMARIA: CENTROS DE SALUD
CENTRO DE SALUD ÁVILA SUR-ESTE;CL. JESÚS JIMÉNEZ 6  ;AVILA;AVILA;920353574;CENTROS DE ATENCIÓN PRIMARIA: CENTROS DE SALUD
CENTRO DE SALUD ÁVILA-ESTACIÓN;PS. DE LA ESTACIÓN 28  ;AVILA;AVILA;920353680;CENTROS DE ATENCIÓN PRIMARIA: CENTROS DE SALUD
CENTRO DE SALUD BENAVENTE NORTE;CL. RÍO CEA 0  ;BENAVENTE;ZAMORA;980636793;CENTROS DE ATENCIÓN PRIMARIA: CENTROS DE SALUD
CENTRO DE SALUD BENAVENTE SUR;CL. FRAY TORIBIO 2  ;BENAVENTE;ZAMORA;980634512;CENTROS DE ATENCIÓN PRIMARIA: CENTROS DE SALUD
CENTRO DE SALUD CAMPOS-LAMPREANA;CL. SANTA TERESA  0  ;VILLARRIN DE CAMPOS;ZAMORA;980580037;CENTROS DE ATENCIÓN PRIMARIA: CENTROS DE SALUD
CENTRO DE SALUD CAPUCHINOS;CL. VALLES MINEROS 36  ;SALAMANCA;SALAMANCA;923205100;CENTROS DE ATENCIÓN PRIMARIA: CENTROS DE SALUD
CENTRO DE SALUD CASA DEL BARCO;PS. DE FILIPINOS  15  ;VALLADOLID;VALLADOLID;983362070;CENTROS DE ATENCIÓN PRIMARIA: CENTROS DE SALUD
CENTRO DE SALUD CASTO PRIETO;CL. MAESTRO TÁRREGA 2-4  ;SALAMANCA;SALAMANCA;923260930;CENTROS DE ATENCIÓN PRIMARIA: CENTROS DE SALUD
CENTRO DE SALUD CRISTOBAL ACOSTA;CL. JOSÉ Mª DE LA PUENTE 1  ;BURGOS;BURGOS;947280520;CENTROS DE ATENCIÓN PRIMARIA: CENTROS DE SALUD
CENTRO DE SALUD DE ÁGREDA;CL. VENERABLE 68  ;AGREDA;SORIA;976647218;CENTROS DE ATENCIÓN PRIMARIA: CENTROS DE SALUD
CENTRO DE SALUD DE AGUILAR DE CAMPOO;AV. DE LA CIUDAD DEPORTIVA 3  ;AGUILAR DE CAMPOO;PALENCIA;979122088;CENTROS DE ATENCIÓN PRIMARIA: CENTROS DE SALUD
CENTRO DE SALUD DE ALAEJOS;PZ. SANTA MARÍA   ;ALAEJOS;VALLADOLID;983817430;CENTROS DE ATENCIÓN PRIMARIA: CENTROS DE SALUD
CENTRO DE SALUD DE ALBA DE TORMES;CL. CORRALES DE LA DEHESA 0  ;ALBA DE TORMES;SALAMANCA;923300642;CENTROS DE ATENCIÓN PRIMARIA: CENTROS DE SALUD
CENTRO DE SALUD DE ALDEADÁVILA DE LA RIBERA;CL. LAS ERAS 0  ;ALDEADAVILA DE LA RIBERA;SALAMANCA;923505161;CENTROS DE ATENCIÓN PRIMARIA: CENTROS DE SALUD
CENTRO DE SALUD DE ALMAZÁN;CL. FERIAL   ;ALMAZAN;SORIA;975300961;CENTROS DE ATENCIÓN PRIMARIA: CENTROS DE SALUD
CENTRO DE SALUD DE ARANDA NORTE;CL. SANTIAGO 7  ;ARANDA DE DUERO;BURGOS;947509494;CENTROS DE ATENCIÓN PRIMARIA: CENTROS DE SALUD
CENTRO DE SALUD DE ARANDA RURAL;CL. BURGO DE OSMA 53  ;ARANDA DE DUERO;BURGOS;947511452;CENTROS DE ATENCIÓN PRIMARIA: CENTROS DE SALUD
CENTRO DE SALUD DE ARANDA SUR;CL. BURGO DE OSMA 53  ;ARANDA DE DUERO;BURGOS;947511551;CENTROS DE ATENCIÓN PRIMARIA: CENTROS DE SALUD
CENTRO DE SALUD DE ARCOS DE JALÓN;CR. DE MARANCHÓN 0  ;ARCOS DE JALON;SORIA;975320311;CENTROS DE ATENCIÓN PRIMARIA: CENTROS DE SALUD
CENTRO DE SALUD DE ARENAS DE SAN PEDRO;PS. PINTOR MARTÍNEZ VÁZQUEZ 21  ;ARENAS DE SAN PEDRO;AVILA;920371509;CENTROS DE ATENCIÓN PRIMARIA: CENTROS DE SALUD
CENTRO DE SALUD DE ARÉVALO;AV. DE EMILIO ROMERO  0  ;AREVALO;AVILA;920300118;CENTROS DE ATENCIÓN PRIMARIA: CENTROS DE SALUD
CENTRO DE SALUD DE ARMUNIA;CL. SAN JUAN BOSCO 0  ;LEON;LEON;987256200;CENTROS DE ATENCIÓN PRIMARIA: CENTROS DE SALUD
CENTRO DE SALUD DE ÁVILA RURAL;CL. SANTA FÉ, ESQUINA MADRIGAL   ;AVILA;AVILA;920253436;CENTROS DE ATENCIÓN PRIMARIA: CENTROS DE SALUD
CENTRO DE SALUD DE ÁVILA SUR OESTE;CL. FRAY GIL 6  ;AVILA;AVILA;920213163;CENTROS DE ATENCIÓN PRIMARIA: CENTROS DE SALUD
CENTRO DE SALUD DE BARRIO ESPAÑA;CL. COSTA BRAVA 0  ;VALLADOLID;VALLADOLID;983310162;CENTROS DE ATENCIÓN PRIMARIA: CENTROS DE SALUD
CENTRO DE SALUD DE BELORADO;CL. LAS CERCAS 2  ;BELORADO;BURGOS;947580600;CENTROS DE ATENCIÓN PRIMARIA: CENTROS DE SALUD
CENTRO DE SALUD DE BENAVIDES DE ÓRBIGO;CL. MAGISTERIO NACIONAL 0  ;BENAVIDES DE ORBIGO;LEON;987370153;CENTROS DE ATENCIÓN PRIMARIA: CENTROS DE SALUD
CENTRO DE SALUD DE BERLANGA DE DUERO;CL. MANUEL VÁZQUEZ 0  ;BERLANGA DE DUERO;SORIA;975343019;CENTROS DE ATENCIÓN PRIMARIA: CENTROS DE SALUD
CENTRO DE SALUD DE BOÑAR;CL. LAS ESCUELAS 0  ;BOÑAR;LEON;987735313;CENTROS DE ATENCIÓN PRIMARIA: CENTROS DE SALUD
CENTRO DE SALUD DE BRIVIESCA;CL. SANTA ANA AL RÍO 36  ;BRIVIESCA;BURGOS;947592244;CENTROS DE ATENCIÓN PRIMARIA: CENTROS DE SALUD
CENTRO DE SALUD DE BURGOHONDO;PZ. MAYOR 12  ;BURGOHONDO;AVILA;920283240;CENTROS DE ATENCIÓN PRIMARIA: CENTROS DE SALUD
CENTRO DE SALUD DE BURGOS RURAL NORTE;CL. LUIS CERNUDA 11  ;BURGOS;BURGOS;947222605;CENTROS DE ATENCIÓN PRIMARIA: CENTROS DE SALUD
CENTRO DE SALUD DE BURGOS RURAL SUR;CL. LUIS CERNUDA 11  ;BURGOS;BURGOS;947222605;CENTROS DE ATENCIÓN PRIMARIA: CENTROS DE SALUD
CENTRO DE SALUD DE CACABELOS;CL. ANGEL GONZALEZ 5  ;CACABELOS;LEON;987549262;CENTROS DE ATENCIÓN PRIMARIA: CENTROS DE SALUD
CENTRO DE SALUD DE CALZADA DE VALDUNCIEL;CL. LA LAGUNA 0  ;CALZADA DE VALDUNCIEL;SALAMANCA;923310278;CENTROS DE ATENCIÓN PRIMARIA: CENTROS DE SALUD
CENTRO DE SALUD DE CANDELEDA;CL. CHILLA, S/N   ;CANDELEDA;AVILA;920380197;CENTROS DE ATENCIÓN PRIMARIA: CENTROS DE SALUD
CENTRO DE SALUD DE CANTALEJO;CR. SEPÚLVEDA 54  ;CANTALEJO;SEGOVIA;921520326;CENTROS DE ATENCIÓN PRIMARIA: CENTROS DE SALUD
CENTRO DE SALUD DE CANTERAC;CL. SEGOVIA 23  ;VALLADOLID;VALLADOLID;983396611;CENTROS DE ATENCIÓN PRIMARIA: CENTROS DE SALUD
CENTRO DE SALUD DE CARBAJALES;CR. DE ZAMORA 0  ;CARBAJALES DE ALBA;ZAMORA;980585111;CENTROS DE ATENCIÓN PRIMARIA: CENTROS DE SALUD
CENTRO DE SALUD DE CARBONERO EL MAYOR;CR. DE BERNARDOS 8  ;CARBONERO EL MAYOR;SEGOVIA;921560995;CENTROS DE ATENCIÓN PRIMARIA: CENTROS DE SALUD
CENTRO DE SALUD DE CARRIÓN DE LOS CONDES;PZ. CONDE DE GARAY 0  ;CARRION DE LOS CONDES;PALENCIA;979880245;CENTROS DE ATENCIÓN PRIMARIA: CENTROS DE SALUD
CENTRO DE SALUD DE CEBREROS;AV. DE LA CONSTITUCIÓN    ;CEBREROS;AVILA;918630365;CENTROS DE ATENCIÓN PRIMARIA: CENTROS DE SALUD
CENTRO DE SALUD DE CERVERA DE PISUERGA;CL. FELIPE CALVO 5  ;CERVERA DE PISUERGA;PALENCIA;979870291;CENTROS DE ATENCIÓN PRIMARIA: CENTROS DE SALUD
CENTRO DE SALUD DE CIGALES;CR. DEL RÍO 7  ;CIGALES;VALLADOLID;983580090;CENTROS DE ATENCIÓN PRIMARIA: CENTROS DE SALUD
CENTRO DE SALUD DE CIRCUNVALACIÓN;PZ. DEL BIÓLOGO JOSÉ ANTONIO VALVERDE 5  ;VALLADOLID;VALLADOLID;983299551;CENTROS DE ATENCIÓN PRIMARIA: CENTROS DE SALUD
CENTRO DE SALUD DE CISTIERNA;CL. BATALLA DE LEPANTO 0  ;CISTIERNA;LEON;987700990;CENTROS DE ATENCIÓN PRIMARIA: CENTROS DE SALUD
CENTRO DE SALUD DE CIUDAD RODRIGO;AV. SALAMANCA 147-151  ;CIUDAD RODRIGO;SALAMANCA;923481414;CENTROS DE ATENCIÓN PRIMARIA: CENTROS DE SALUD
CENTRO DE SALUD DE CONDADO DE TREVIÑO;CR. MIRANDA 34  ;TREVIÑO;BURGOS;945360140;CENTROS DE ATENCIÓN PRIMARIA: CENTROS DE SALUD
CENTRO DE SALUD DE CORRALES DEL VINO;CR. DE AVEDILLO 0  ;CORRALES;ZAMORA;980560117;CENTROS DE ATENCIÓN PRIMARIA: CENTROS DE SALUD
CENTRO DE SALUD DE CUÉLLAR;CL. SOLANA ALTA 0  ;CUELLAR;SEGOVIA;921142244;CENTROS DE ATENCIÓN PRIMARIA: CENTROS DE SALUD
CENTRO DE SALUD DE EL BARCO DE ÁVILA;CL. DE LAS ERAS  0  ;BARCO DE AVILA (EL);AVILA;920340027;CENTROS DE ATENCIÓN PRIMARIA: CENTROS DE SALUD
CENTRO DE SALUD DE EL ESPINAR;CL. MARI GARCÍA 0  ;ESPINAR (EL);SEGOVIA;921181602;CENTROS DE ATENCIÓN PRIMARIA: CENTROS DE SALUD
CENTRO DE SALUD DE ESGUEVILLAS DE ESGUEVA;CL. DEMOCRACIA 2  ;ESGUEVILLAS DE ESGUEVA;VALLADOLID;983686781;CENTROS DE ATENCIÓN PRIMARIA: CENTROS DE SALUD
CENTRO DE SALUD DE ESPINOSA DE LOS MONTEROS;CL. PROGRESO  0  ;ESPINOSA DE LOS MONTEROS;BURGOS;947120588;CENTROS DE ATENCIÓN PRIMARIA: CENTROS DE SALUD
CENTRO DE SALUD DE FABERO;PZ. DE LA CORTINA 0  ;FABERO;LEON;987551611;CENTROS DE ATENCIÓN PRIMARIA: CENTROS DE SALUD
CENTRO DE SALUD DE FONTIVEROS;CL. CAMINO VIEJO 0  ;FONTIVEROS;AVILA;920245006;CENTROS DE ATENCIÓN PRIMARIA: CENTROS DE SALUD
CENTRO DE SALUD DE FRÓMISTA;AV. EJÉRCITO ESPAÑOL 28  ;FROMISTA;PALENCIA;979810065;CENTROS DE ATENCIÓN PRIMARIA: CENTROS DE SALUD
CENTRO DE SALUD DE FUENTESAÚCO;CL. LA FUENTE 10  ;FUENTESAUCO DE FUENTIDUEÑA;SEGOVIA;921169564;CENTROS DE ATENCIÓN PRIMARIA: CENTROS DE SALUD
CENTRO DE SALUD DE GREDOS;CL. LAS MOZAS  0  ;NAVARREDONDA DE GREDOS;AVILA;920348366;CENTROS DE ATENCIÓN PRIMARIA: CENTROS DE SALUD
CENTRO DE SALUD DE GUARDO;CL. SANTA BÁRBARA 0  ;GUARDO;PALENCIA;979850580;CENTROS DE ATENCIÓN PRIMARIA: CENTROS DE SALUD
CENTRO DE SALUD DE GUIJUELO;CL. TESO DE LA FERIA 0  ;GUIJUELO;SALAMANCA;923581082;CENTROS DE ATENCIÓN PRIMARIA: CENTROS DE SALUD
CENTRO DE SALUD DE HERRERA DE PISUERGA;AV. MARÍA AUXILIADORA 0  ;HERRERA DE PISUERGA;PALENCIA;979140047;CENTROS DE ATENCIÓN PRIMARIA: CENTROS DE SALUD
CENTRO DE SALUD DE HUERTA DE REY;CL. CARIDAD 33  ;HUERTA DEL REY;BURGOS;947388341;CENTROS DE ATENCIÓN PRIMARIA: CENTROS DE SALUD
CENTRO DE SALUD DE ISCAR;CL. RONDA    ;ISCAR;VALLADOLID;983620454;CENTROS DE ATENCIÓN PRIMARIA: CENTROS DE SALUD
CENTRO DE SALUD DE LA ALBERCA;AV. LAS BATUECAS 0  ;ALBERCA (LA);SALAMANCA;923415136;CENTROS DE ATENCIÓN PRIMARIA: CENTROS DE SALUD
CENTRO DE SALUD DE LA FUENTE DE SAN ESTEBAN;PZ. ESPAÑA 0  ;FUENTE DE SAN ESTEBAN (LA);SALAMANCA;923441001;CENTROS DE ATENCIÓN PRIMARIA: CENTROS DE SALUD
CENTRO DE SALUD DE LA MAGDALENA;CL. NUESTRA SEÑORA  2  ;VALLADOLID;VALLADOLID;983310475;CENTROS DE ATENCIÓN PRIMARIA: CENTROS DE SALUD
CENTRO DE SALUD DE LA PUEBLA Y SERVICIO DE URGENCIAS DE ATENCIÓN PRIMARIA;AV. MODESTO LAFUENTE 2  ;PALENCIA;PALENCIA;979760185;CENTROS DE ATENCIÓN PRIMARIA: CENTROS DE SALUD
CENTRO DE SALUD DE LA SIERRA (NAVAFRÍA);CL. POBO 2-8  ;NAVAFRIA;SEGOVIA;921506262;CENTROS DE ATENCIÓN PRIMARIA: CENTROS DE SALUD
CENTRO DE SALUD DE LAGUNA DE DUERO;AV. LA LAGUNA   ;LAGUNA DE DUERO;VALLADOLID;983543193;CENTROS DE ATENCIÓN PRIMARIA: CENTROS DE SALUD
CENTRO DE SALUD DE LANZAHITA;CL. FELIPE VELASCO 0  ;LANZAHITA;AVILA;920378004;CENTROS DE ATENCIÓN PRIMARIA: CENTROS DE SALUD
CENTRO DE SALUD DE LAS NAVAS DEL MARQUÉS;TR. GRUPO ESCOLAR 10  ;NAVAS DEL MARQUES (LAS);AVILA;918971027;CENTROS DE ATENCIÓN PRIMARIA: CENTROS DE SALUD
CENTRO DE SALUD DE LERMA;CL. SUBIDA SAN MIGUEL  0  ;LERMA;BURGOS;947171204;CENTROS DE ATENCIÓN PRIMARIA: CENTROS DE SALUD
CENTRO DE SALUD DE LINARES DE RIOFRIO;CR. DE GUIJUELO 0  ;LINARES DE RIOFRIO;SALAMANCA;923416287;CENTROS DE ATENCIÓN PRIMARIA: CENTROS DE SALUD
CENTRO DE SALUD DE LUMBRALES;CL. IMPERIAL   ;LUMBRALES;SALAMANCA;923512599;CENTROS DE ATENCIÓN PRIMARIA: CENTROS DE SALUD
CENTRO DE SALUD DE MADRIGAL DE LAS ALTAS TORRES;CL. ISABEL LA CATÓLICA   ;MADRIGAL DE LAS ALTAS TORRES;AVILA;920320115;CENTROS DE ATENCIÓN PRIMARIA: CENTROS DE SALUD
CENTRO DE SALUD DE MANSILLA DE LAS MULAS;AV. VILLA DE LIL 0  ;MANSILLA DE LAS MULAS;LEON;987311175;CENTROS DE ATENCIÓN PRIMARIA: CENTROS DE SALUD
CENTRO DE SALUD DE MATALLANA DE TORÍO;CL. LA ESTACIÓN 0  ;MATALLANA DE TORIO;LEON;987578275;CENTROS DE ATENCIÓN PRIMARIA: CENTROS DE SALUD
CENTRO DE SALUD DE MATILLA DE LOS CAÑOS;CL. CUARTEL 0  ;MATILLA DE LOS CAÑOS DEL RIO;SALAMANCA;923382380;CENTROS DE ATENCIÓN PRIMARIA: CENTROS DE SALUD
CENTRO DE SALUD DE MAYORGA DE CAMPOS;CL. SAN JUAN 21  ;MAYORGA;VALLADOLID;983751258;CENTROS DE ATENCIÓN PRIMARIA: CENTROS DE SALUD
CENTRO DE SALUD DE MEDINA DE POMAR;CL. ORTIZ DE NAVACERRA 2  ;MEDINA DE POMAR;BURGOS;947191621;CENTROS DE ATENCIÓN PRIMARIA: CENTROS DE SALUD
CENTRO DE SALUD DE MEDINA DE RIOSECO;PZ. DE LA CONSTITUCIÓN   ;MEDINA DE RIOSECO;VALLADOLID;983700511;CENTROS DE ATENCIÓN PRIMARIA: CENTROS DE SALUD
CENTRO DE SALUD DE MEDINA DEL CAMPO RURAL;CL. REY    ;MEDINA DEL CAMPO;VALLADOLID;983812761;CENTROS DE ATENCIÓN PRIMARIA: CENTROS DE SALUD
CENTRO DE SALUD DE MEDINA DEL CAMPO URBANO;CL. ALMIRANTE    ;MEDINA DEL CAMPO;VALLADOLID;983812752;CENTROS DE ATENCIÓN PRIMARIA: CENTROS DE SALUD
CENTRO DE SALUD DE MELGAR DE FERNAMENTAL;CL. CRUZ DE LA RIBERA, S/N   ;MELGAR DE FERNAMENTAL;BURGOS;947373767;CENTROS DE ATENCIÓN PRIMARIA: CENTROS DE SALUD
CENTRO DE SALUD DE MIRANDA DEL CASTAÑAR;AV. DE LA CONSTITUCIÓN 17  ;MIRANDA DEL CASTAÑAR;SALAMANCA;923432100;CENTROS DE ATENCIÓN PRIMARIA: CENTROS DE SALUD
CENTRO DE SALUD DE MOMBELTRÁN;CL. JOSÉ MANUEL FERNÁNDEZ DE SANTIAGO 0  ;MOMBELTRAN;AVILA;920386058;CENTROS DE ATENCIÓN PRIMARIA: CENTROS DE SALUD
CENTRO DE SALUD DE MOTA DEL MARQUÉS;CL. SAN SEBASTIÁN   ;MOTA DEL MARQUES;VALLADOLID;983780154;CENTROS DE ATENCIÓN PRIMARIA: CENTROS DE SALUD
CENTRO DE SALUD DE NAVA DE LA ASUNCIÓN;PZ. DEL CAÑO 1  ;NAVA DE LA ASUNCION;SEGOVIA;921580774;CENTROS DE ATENCIÓN PRIMARIA: CENTROS DE SALUD
CENTRO DE SALUD DE OLMEDO;CL. CALABAZAS 2  ;OLMEDO;VALLADOLID;983601939;CENTROS DE ATENCIÓN PRIMARIA: CENTROS DE SALUD
CENTRO DE SALUD DE ÓLVEGA;PZ. DE LA CONSTITUCIÓN 1  ;OLVEGA;SORIA;976645589;CENTROS DE ATENCIÓN PRIMARIA: CENTROS DE SALUD
CENTRO DE SALUD DE OSORNO;AV. CONCENTRACIÓN PARCELARIA 0  ;OSORNO;PALENCIA;979817086;CENTROS DE ATENCIÓN PRIMARIA: CENTROS DE SALUD
CENTRO DE SALUD DE PAMPLIEGA;CL. LAS ERAS 0  ;PAMPLIEGA;BURGOS;947161250;CENTROS DE ATENCIÓN PRIMARIA: CENTROS DE SALUD
CENTRO DE SALUD DE PAREDES DE NAVA;CL. EXTRAMUROS 0  ;PAREDES DE NAVA;PALENCIA;979830446;CENTROS DE ATENCIÓN PRIMARIA: CENTROS DE SALUD
CENTRO DE SALUD DE PEDROSILLO EL RALO;CL. SANTA MARÍA 0  ;PEDROSILLO EL RALO;SALAMANCA;923354038;CENTROS DE ATENCIÓN PRIMARIA: CENTROS DE SALUD
CENTRO DE SALUD DE PEÑAFIEL;CL. CRUZ ROJA   ;PEÑAFIEL;VALLADOLID;983873091;CENTROS DE ATENCIÓN PRIMARIA: CENTROS DE SALUD
CENTRO DE SALUD DE PEÑARANDA DE BRACAMONTE;AV. LOS JARDINES 0  ;PEÑARANDA DE BRACAMONTE;SALAMANCA;923541600;CENTROS DE ATENCIÓN PRIMARIA: CENTROS DE SALUD
CENTRO DE SALUD DE PIEDRAHÍTA;PZ. NUEVA DE LA VILLA 0  ;PIEDRAHITA;AVILA;920360500;CENTROS DE ATENCIÓN PRIMARIA: CENTROS DE SALUD
CENTRO DE SALUD DE POLA DE GORDÓN;CL. CARDENAL AGUIRRE 0  ;POLA DE GORDON (LA);LEON;987588433;CENTROS DE ATENCIÓN PRIMARIA: CENTROS DE SALUD
CENTRO DE SALUD DE PONFERRADA I;PS. SAN ANTONIO 7  ;PONFERRADA;LEON;987400611;CENTROS DE ATENCIÓN PRIMARIA: CENTROS DE SALUD
CENTRO DE SALUD DE PONFERRADA II;CL. PICO TUERTO 0  ;PONFERRADA;LEON;987410250;CENTROS DE ATENCIÓN PRIMARIA: CENTROS DE SALUD
CENTRO DE SALUD DE PONFERRADA IV;CL. RUBÉN DARÍO 53  ;PONFERRADA;LEON;987447201;CENTROS DE ATENCIÓN PRIMARIA: CENTROS DE SALUD
CENTRO DE SALUD DE PUENTE DE DOMINGO FLÓREZ;PZ. RODOLFO MARTÍN VILLA 0  ;PUENTE DE DOMINGO FLOREZ;LEON;987460426;CENTROS DE ATENCIÓN PRIMARIA: CENTROS DE SALUD
CENTRO DE SALUD DE QUINTANAR DE LA SIERRA;CL. DE LA IGLESIA 25-27  ;QUINTANAR DE LA SIERRA;BURGOS;947395500;CENTROS DE ATENCIÓN PRIMARIA: CENTROS DE SALUD
CENTRO DE SALUD DE RIAÑO;CL. SOLASIERRA 0  ;RIAÑO;LEON;987740703;CENTROS DE ATENCIÓN PRIMARIA: CENTROS DE SALUD
CENTRO DE SALUD DE RIAZA;PZ. MARÍA HERNADO 1  ;RIAZA;SEGOVIA;921550238;CENTROS DE ATENCIÓN PRIMARIA: CENTROS DE SALUD
CENTRO DE SALUD DE RIBERA DEL ESLA;CL. EL SEXTIL 0  ;GRADEFES;LEON;987334051;CENTROS DE ATENCIÓN PRIMARIA: CENTROS DE SALUD
CENTRO DE SALUD DE ROA DE DUERO;CR. MAMBRILLA  0  ;ROA;BURGOS;947541122;CENTROS DE ATENCIÓN PRIMARIA: CENTROS DE SALUD
CENTRO DE SALUD DE ROBLEDA;CL. CALZADA 0  ;ROBLEDA;SALAMANCA;923486251;CENTROS DE ATENCIÓN PRIMARIA: CENTROS DE SALUD
CENTRO DE SALUD DE SACRAMENIA;CL. SEPÚLVEDA 14  ;SACRAMENIA;SEGOVIA;921527319;CENTROS DE ATENCIÓN PRIMARIA: CENTROS DE SALUD
CENTRO DE SALUD DE SAHAGÚN;CL. CONSTITUCIÓN 0  ;SAHAGUN;LEON;987781291;CENTROS DE ATENCIÓN PRIMARIA: CENTROS DE SALUD
CENTRO DE SALUD DE SALAS DE LOS INFANTES;CL. PARQUE LARA  0  ;SALAS DE LOS INFANTES;BURGOS;947380909;CENTROS DE ATENCIÓN PRIMARIA: CENTROS DE SALUD
CENTRO DE SALUD DE SALDAÑA;CL. RONDA DON GARCÍA 0  ;SALDAÑA;PALENCIA;979890009;CENTROS DE ATENCIÓN PRIMARIA: CENTROS DE SALUD
CENTRO DE SALUD DE SAN ANDRÉS DE RABANEDO;CL. BURBIA  0  ;BARRIO DE PINILLA;LEON;987237355;CENTROS DE ATENCIÓN PRIMARIA: CENTROS DE SALUD
CENTRO DE SALUD DE SAN ESTEBAN DE GORMAZ;CL. CONDES DE SAN ESTEBAN 9  ;SAN ESTEBAN DE GORMAZ;SORIA;975350125;CENTROS DE ATENCIÓN PRIMARIA: CENTROS DE SALUD
CENTRO DE SALUD DE SAN LEONARDO DE YAGÜE;CL. SAN PEDRO   ;SAN LEONARDO DE YAGÜE;SORIA;975376012;CENTROS DE ATENCIÓN PRIMARIA: CENTROS DE SALUD
CENTRO DE SALUD DE SAN PEDRO DEL ARROYO;CR. DE VILLAFLOR 0  ;SAN PEDRO DEL ARROYO;AVILA;920240024;CENTROS DE ATENCIÓN PRIMARIA: CENTROS DE SALUD
CENTRO DE SALUD DE SAN PEDRO MANRIQUE;CR. MEDIANA   ;SAN PEDRO MANRIQUE;SORIA;975381170;CENTROS DE ATENCIÓN PRIMARIA: CENTROS DE SALUD
CENTRO DE SALUD DE SANTA MARÍA DEL PÁRAMO;CL. PRADO ARRIBA 0  ;SANTA MARIA DEL PARAMO;LEON;987360007;CENTROS DE ATENCIÓN PRIMARIA: CENTROS DE SALUD
CENTRO DE SALUD DE SAYAGO;CL. EZEQUIEL ELENO 0  ;BERMILLO DE SAYAGO;ZAMORA;980610263;CENTROS DE ATENCIÓN PRIMARIA: CENTROS DE SALUD
CENTRO DE SALUD DE SEDANO;CL. LAS ERAS 0  ;SEDANO;BURGOS;947150038;CENTROS DE ATENCIÓN PRIMARIA: CENTROS DE SALUD
CENTRO DE SALUD DE SEPÚLVEDA;CL. EL POSTIGUILLO 11  ;SEPULVEDA;SEGOVIA;921540043;CENTROS DE ATENCIÓN PRIMARIA: CENTROS DE SALUD
CENTRO DE SALUD DE SERRADA;CL. LAS PEÑAS  3  ;SERRADA;VALLADOLID;983559003;CENTROS DE ATENCIÓN PRIMARIA: CENTROS DE SALUD
CENTRO DE SALUD DE SOTILLO DE LA ADRADA;PZ. DE LA CONCORDIA   ;SOTILLO DE LA ADRADA;AVILA;918660207;CENTROS DE ATENCIÓN PRIMARIA: CENTROS DE SALUD
CENTRO DE SALUD DE TÁBARA;CR. DE RIOFRÍO 0  ;TABARA;ZAMORA;980590218;CENTROS DE ATENCIÓN PRIMARIA: CENTROS DE SALUD
CENTRO DE SALUD DE TEJARES (ELENA GINEL DÍEZ);CL. TOMÁS RODRÍGUEZ PINILLA 0  ;SALAMANCA;SALAMANCA;923192417;CENTROS DE ATENCIÓN PRIMARIA: CENTROS DE SALUD
CENTRO DE SALUD DE TERA;CL. CARRETERA 72  ;CAMARZANA DE TERA;ZAMORA;980649038;CENTROS DE ATENCIÓN PRIMARIA: CENTROS DE SALUD
CENTRO DE SALUD DE TORDESILLAS;AV. DE VALLADOLID   ;TORDESILLAS;VALLADOLID;983771750;CENTROS DE ATENCIÓN PRIMARIA: CENTROS DE SALUD
CENTRO DE SALUD DE TORENO;CL. INSTITUTO, S/N   ;TORENO;LEON;987527225;CENTROS DE ATENCIÓN PRIMARIA: CENTROS DE SALUD
CENTRO DE SALUD DE TORO;PZ. SAN AGUSTÍN 1  ;TORO;ZAMORA;980692030;CENTROS DE ATENCIÓN PRIMARIA: CENTROS DE SALUD
CENTRO DE SALUD DE TROBAJO DEL CAMINO-VALVERDE DE LA VIRGEN;CL. BUENAVENTURA DURRUTI 1  ;SAN ANDRES DEL RABANEDO;LEON;987800802;CENTROS DE ATENCIÓN PRIMARIA: CENTROS DE SALUD
CENTRO DE SALUD DE TUDELA DE DUERO;CL. MARÍA ZAMBRANO 0  ;TUDELA DE DUERO;VALLADOLID;983522479;CENTROS DE ATENCIÓN PRIMARIA: CENTROS DE SALUD
CENTRO DE SALUD DE VALDERAS;CR. CARRETERA BENAVENTE 0  ;VALDERAS;LEON;987763107;CENTROS DE ATENCIÓN PRIMARIA: CENTROS DE SALUD
CENTRO DE SALUD DE VALENCIA DE DON JUAN;CL. RAMÓN Y CAJAL 0  ;VALENCIA DE DON JUAN;LEON;987750095;CENTROS DE ATENCIÓN PRIMARIA: CENTROS DE SALUD
CENTRO DE SALUD DE VALLE DE TOBALINA (QUINTANA MARTÍN GALÍNDEZ);CR. MIRANDA 67  ;QUINTANA MARTIN GALINDEZ;BURGOS;947358788;CENTROS DE ATENCIÓN PRIMARIA: CENTROS DE SALUD
CENTRO DE SALUD DE VENTA DE BAÑOS;CL. ANTONIO MACHADO 0  ;VENTA DE BAÑOS;PALENCIA;979770046;CENTROS DE ATENCIÓN PRIMARIA: CENTROS DE SALUD
CENTRO DE SALUD DE VIDRIALES;CL. BENAVENTE   ;SANTIBAÑEZ DE VIDRIALES;ZAMORA;980648228;CENTROS DE ATENCIÓN PRIMARIA: CENTROS DE SALUD
CENTRO DE SALUD DE VILLABLINO;CR. DE ASTURIAS 0  ;VILLABLINO;LEON;987470993;CENTROS DE ATENCIÓN PRIMARIA: CENTROS DE SALUD
CENTRO DE SALUD DE VILLACASTÍN;CL. COSTANILLA DE SAN MIGUEL 0  ;VILLACASTIN;SEGOVIA;921198268;CENTROS DE ATENCIÓN PRIMARIA: CENTROS DE SALUD
CENTRO DE SALUD DE VILLADA;CL. CASADO DEL ALISAL 0  ;VILLADA;PALENCIA;979844197;CENTROS DE ATENCIÓN PRIMARIA: CENTROS DE SALUD
CENTRO DE SALUD DE VILLADIEGO;CL. REYES CATÓLICOS 0  ;VILLADIEGO;BURGOS;947360304;CENTROS DE ATENCIÓN PRIMARIA: CENTROS DE SALUD
CENTRO DE SALUD DE VILLAFRANCA DEL BIERZO;AV. DÍAZ OVELAR 0  ;VILLAFRANCA DEL BIERZO;LEON;987542510;CENTROS DE ATENCIÓN PRIMARIA: CENTROS DE SALUD
CENTRO DE SALUD DE VILLAFRECHÓS;CR. DE VILLALPANDO    ;VILLAFRECHOS;VALLADOLID;983716041;CENTROS DE ATENCIÓN PRIMARIA: CENTROS DE SALUD
CENTRO DE SALUD DE VILLALÓN;AV. DEL PARQUE 14  ;VILLALON DE CAMPOS;VALLADOLID;983740169;CENTROS DE ATENCIÓN PRIMARIA: CENTROS DE SALUD
CENTRO DE SALUD DE VILLAMURIEL DE CERRATO;AV. VALDEGUDÍN 0  ;VILLAMURIEL DE CERRATO;PALENCIA;979776301;CENTROS DE ATENCIÓN PRIMARIA: CENTROS DE SALUD
CENTRO DE SALUD DE VILLARES DE LA REINA;CL. FUENTE 27-29  ;VILLARES DE LA REINA;SALAMANCA;923122280;CENTROS DE ATENCIÓN PRIMARIA: CENTROS DE SALUD
CENTRO DE SALUD DE VILLARRAMIEL;CL. SANTA MARÍA 0  ;VILLARRAMIEL;PALENCIA;979837053;CENTROS DE ATENCIÓN PRIMARIA: CENTROS DE SALUD
CENTRO DE SALUD DE VILLORIA;CL. CAÑADA 2  ;VILLORIA;SALAMANCA;923356677;CENTROS DE ATENCIÓN PRIMARIA: CENTROS DE SALUD
CENTRO DE SALUD DE VITIGUDINO;CL. ALAMEDA 2  ;VITIGUDINO;SALAMANCA;923500086;CENTROS DE ATENCIÓN PRIMARIA: CENTROS DE SALUD
CENTRO DE SALUD DE ZAMORA NORTE;CL. ALTO DE  SAN LÁZARO   ;ZAMORA;ZAMORA;980517119;CENTROS DE ATENCIÓN PRIMARIA: CENTROS DE SALUD
CENTRO DE SALUD DE ZAMORA SUR;CL. SANTA TERESA 26  ;ZAMORA;ZAMORA;980510761;CENTROS DE ATENCIÓN PRIMARIA: CENTROS DE SALUD
CENTRO DE SALUD DEL BURGO DE OSMA;CL. ACOSTA 38  ;BURGO DE OSMA (EL);SORIA;975341211;CENTROS DE ATENCIÓN PRIMARIA: CENTROS DE SALUD
CENTRO DE SALUD DEL VALLE DE MENA;CL. NOCEDERA 0  ;VILLASANA DE MENA;BURGOS;947141313;CENTROS DE ATENCIÓN PRIMARIA: CENTROS DE SALUD
CENTRO DE SALUD DELICIAS I;PS. JUAN CARLOS I 18  ;VALLADOLID;VALLADOLID;983228311;CENTROS DE ATENCIÓN PRIMARIA: CENTROS DE SALUD
CENTRO DE SALUD DELICIAS II;PS. JUAN CARLOS I 18  ;VALLADOLID;VALLADOLID;983228312;CENTROS DE ATENCIÓN PRIMARIA: CENTROS DE SALUD
CENTRO DE SALUD DOCTOR FLEMING;CL. SANTA ELENA 12  ;ZAMORA;ZAMORA;980512311;CENTROS DE ATENCIÓN PRIMARIA: CENTROS DE SALUD
CENTRO DE SALUD EL CRUCERO;CL. CARDENAL CISNEROS 22  ;LEON;LEON;987234103;CENTROS DE ATENCIÓN PRIMARIA: CENTROS DE SALUD
CENTRO DE SALUD ERAS DE RENUEVA;CL. ABAD VIÑAYO 0  ;LEON;LEON;987245897;CENTROS DE ATENCIÓN PRIMARIA: CENTROS DE SALUD
CENTRO DE SALUD ERAS DEL BOSQUE;CL. ERAS DEL BOSQUE 0  ;PALENCIA;PALENCIA;979752044;CENTROS DE ATENCIÓN PRIMARIA: CENTROS DE SALUD
CENTRO DE SALUD GAMAZO;PS. DE FILIPINOS 15  ;VALLADOLID;VALLADOLID;983362068;CENTROS DE ATENCIÓN PRIMARIA: CENTROS DE SALUD
CENTRO DE SALUD GAMONAL LAS TORRES;CL. VICENTE ALEXANDRE 2  ;BURGOS;BURGOS;947216621;CENTROS DE ATENCIÓN PRIMARIA: CENTROS DE SALUD
CENTRO DE SALUD GAMONAL-ANTIGUA;CL. ELADIO PERLADO 1  ;BURGOS;BURGOS;947470485;CENTROS DE ATENCIÓN PRIMARIA: CENTROS DE SALUD
CENTRO DE SALUD GARCÍA LORCA;CL. FEDERICO GARCÍA LORCA 23  ;BURGOS;BURGOS;947470707;CENTROS DE ATENCIÓN PRIMARIA: CENTROS DE SALUD
CENTRO DE SALUD GARRIDO-SUR (LA ALAMEDILLA);AV. COMUNEROS 27-31  ;SALAMANCA;SALAMANCA;923126582;CENTROS DE ATENCIÓN PRIMARIA: CENTROS DE SALUD
CENTRO DE SALUD HUERTA DEL REY;CL. RASTROJO 14  ;VALLADOLID;VALLADOLID;983352666;CENTROS DE ATENCIÓN PRIMARIA: CENTROS DE SALUD
CENTRO DE SALUD IGNACIO LÓPEZ SÁIZ;CL. JOSÉ Mª DE LA PUENTE 1  ;BURGOS;BURGOS;947280510;CENTROS DE ATENCIÓN PRIMARIA: CENTROS DE SALUD
CENTRO DE SALUD JOSÉ AGUADO I;AV. JOSÉ AGUADO 0  ;LEON;LEON;987213809;CENTROS DE ATENCIÓN PRIMARIA: CENTROS DE SALUD
CENTRO DE SALUD JOSÉ AGUADO II;AV. JOSÉ AGUADO 0  ;LEON;LEON;987213809;CENTROS DE ATENCIÓN PRIMARIA: CENTROS DE SALUD
CENTRO DE SALUD JOSÉ LUIS SANTAMARÍA;CL. LAZARILLO DE TORMES 0  ;BURGOS;BURGOS;947474855;CENTROS DE ATENCIÓN PRIMARIA: CENTROS DE SALUD
CENTRO DE SALUD LA CONDESA (HERMANOS LARRUCEA);AV. CONDESA DE SAGASTA 28  ;LEON;LEON;987232033;CENTROS DE ATENCIÓN PRIMARIA: CENTROS DE SALUD
CENTRO DE SALUD LA GUAREÑA;CL. ARRABAL DE SAN PEDRO 0  ;FUENTESAUCO;ZAMORA;980601108;CENTROS DE ATENCIÓN PRIMARIA: CENTROS DE SALUD
CENTRO DE SALUD LA MAGDALENA;AV. DE LA MAGDALENA 4  ;LEON;LEON;987581373;CENTROS DE ATENCIÓN PRIMARIA: CENTROS DE SALUD
CENTRO DE SALUD LA PALOMERA;AV. SAN JUAN DE SAHAGÚN 0  ;LEON;LEON;987235140;CENTROS DE ATENCIÓN PRIMARIA: CENTROS DE SALUD
CENTRO DE SALUD LA VICTORIA;AV. JARDÍN BOTÁNICO 3  ;VALLADOLID;VALLADOLID;0;CENTROS DE ATENCIÓN PRIMARIA: CENTROS DE SALUD
CENTRO DE SALUD LAS HUELGAS;PS. DE LOS COMENDADORES (ANTIGUO HOSPITAL MILITAR, PABELLÓN 4º) 2  ;BURGOS;BURGOS;947468410;CENTROS DE ATENCIÓN PRIMARIA: CENTROS DE SALUD
CENTRO DE SALUD LOS COMUNEROS;CL. JUAN DE PADILLA 7  ;BURGOS;BURGOS;947235100;CENTROS DE ATENCIÓN PRIMARIA: CENTROS DE SALUD
CENTRO DE SALUD LOS CUBOS;CL. LAVADORES 0  ;BURGOS;BURGOS;947274488;CENTROS DE ATENCIÓN PRIMARIA: CENTROS DE SALUD
CENTRO DE SALUD LOS JARDINILLOS;CL. ALONSO FERNÁNDEZ DE MADRID 1  ;PALENCIA;PALENCIA;979706610;CENTROS DE ATENCIÓN PRIMARIA: CENTROS DE SALUD
CENTRO DE SALUD MARÍA AUXILIADORA;CL. LAS JUSTAS 13  ;BEJAR;SALAMANCA;923402075;CENTROS DE ATENCIÓN PRIMARIA: CENTROS DE SALUD
CENTRO DE SALUD MIGUEL ARMIJO MORENO;CL. ARAPILES 25  ;SALAMANCA;SALAMANCA;923290970;CENTROS DE ATENCIÓN PRIMARIA: CENTROS DE SALUD
CENTRO DE SALUD MIRANDA ESTE;CL. CIUDAD DE VIERZÓN 11  ;MIRANDA DE EBRO;BURGOS;947331212;CENTROS DE ATENCIÓN PRIMARIA: CENTROS DE SALUD
CENTRO DE SALUD MIRANDA OESTE;CL. CONDADO DE TREVIÑO 20  ;MIRANDA DE EBRO;BURGOS;947331313;CENTROS DE ATENCIÓN PRIMARIA: CENTROS DE SALUD
CENTRO DE SALUD PALENCIA RURAL;AV. SAN TELMO 0  ;PALENCIA;PALENCIA;979710361;CENTROS DE ATENCIÓN PRIMARIA: CENTROS DE SALUD
CENTRO DE SALUD PARQUE ALAMEDA - COVARESA;AV. DE CASTILLA Y LEÓN 137  ;VALLADOLID;VALLADOLID;983479704;CENTROS DE ATENCIÓN PRIMARIA: CENTROS DE SALUD
CENTRO DE SALUD PARQUESOL;CL. CIUDAD DE LA HABANA 17  ;VALLADOLID;VALLADOLID;983380002;CENTROS DE ATENCIÓN PRIMARIA: CENTROS DE SALUD
CENTRO DE SALUD PERIURBANA SUR (ELENA GINEL DÍEZ);CL. TOMÁS RODRÍGUEZ PINILLA 0  ;SALAMANCA;SALAMANCA;923194219;CENTROS DE ATENCIÓN PRIMARIA: CENTROS DE SALUD
CENTRO DE SALUD PILARICA;CL. DOCTOT MONTERO 2  ;VALLADOLID;VALLADOLID;983213149;CENTROS DE ATENCIÓN PRIMARIA: CENTROS DE SALUD
CENTRO DE SALUD PINARES-COVALEDA;CL. VIRGEN DEL CAMPO 0  ;COVALEDA;SORIA;975370005;CENTROS DE ATENCIÓN PRIMARIA: CENTROS DE SALUD
CENTRO DE SALUD PINTOR OLIVA;CL. DOCTOR FLEMING 0  ;PALENCIA;PALENCIA;979730050;CENTROS DE ATENCIÓN PRIMARIA: CENTROS DE SALUD
CENTRO DE SALUD PISUERGA;PZ. DE ESPAÑA   ;ARROYO;VALLADOLID;983408769;CENTROS DE ATENCIÓN PRIMARIA: CENTROS DE SALUD
CENTRO DE SALUD PLAZA CIRCULAR;CL. DR. MONTERO 2  ;VALLADOLID;VALLADOLID;983213148;CENTROS DE ATENCIÓN PRIMARIA: CENTROS DE SALUD
CENTRO DE SALUD PLAZA DEL EJÉRCITO;CL. HÍPICA 0  ;VALLADOLID;VALLADOLID;983228294;CENTROS DE ATENCIÓN PRIMARIA: CENTROS DE SALUD
CENTRO DE SALUD PONFERRADA III;CL. RAMÓN GONZÁLEZ ALEGRE 0  ;PONFERRADA;LEON;987400221;CENTROS DE ATENCIÓN PRIMARIA: CENTROS DE SALUD
CENTRO DE SALUD PUERTA NUEVA;RD. DE PUERTA NUEVA 6  ;ZAMORA;ZAMORA;980513341;CENTROS DE ATENCIÓN PRIMARIA: CENTROS DE SALUD
CENTRO DE SALUD RONDILLA I;CL. CARDENAL TORQUEMADA 54  ;VALLADOLID;VALLADOLID;983310159;CENTROS DE ATENCIÓN PRIMARIA: CENTROS DE SALUD
CENTRO DE SALUD RONDILLA II;CL. CARDENAL TORQUEMADA 054  ;VALLADOLID;VALLADOLID;983310161;CENTROS DE ATENCIÓN PRIMARIA: CENTROS DE SALUD
CENTRO DE SALUD SAN AGUSTÍN;CL. BONIFACIO ZAMORA USABEL 0  ;BURGOS;BURGOS;947274444;CENTROS DE ATENCIÓN PRIMARIA: CENTROS DE SALUD
CENTRO DE SALUD SAN JUAN;CL. VALENCIA 32  ;SALAMANCA;SALAMANCA;923232778;CENTROS DE ATENCIÓN PRIMARIA: CENTROS DE SALUD
CENTRO DE SALUD SAN PABLO;CL. CARDENAL TORQUEMADA   ;VALLADOLID;VALLADOLID;983376372;CENTROS DE ATENCIÓN PRIMARIA: CENTROS DE SALUD
CENTRO DE SALUD SANABRIA;CL. VICENTE SALGADO 45  ;PUEBLA DE SANABRIA;ZAMORA;980620919;CENTROS DE ATENCIÓN PRIMARIA: CENTROS DE SALUD
CENTRO DE SALUD SANCTI SPIRITUS-CANALEJAS (FILIBERTO VILLALOBOS);RD. SANCTI-SPIRITUS 43  ;SALAMANCA;SALAMANCA;923273081;CENTROS DE ATENCIÓN PRIMARIA: CENTROS DE SALUD
CENTRO DE SALUD SANTA CLARA;PZ. SANTA TERESA 0  ;BURGOS;BURGOS;947274499;CENTROS DE ATENCIÓN PRIMARIA: CENTROS DE SALUD
CENTRO DE SALUD SANTA MARTA;CL. PADRE IGNACIO ELLACURÍA 0  ;SANTA MARTA DE TORMES;SALAMANCA;923130180;CENTROS DE ATENCIÓN PRIMARIA: CENTROS DE SALUD
CENTRO DE SALUD SEGOVIA I;CL. SANTO TOMÁS 9  ;SEGOVIA;SEGOVIA;921419333;CENTROS DE ATENCIÓN PRIMARIA: CENTROS DE SALUD
CENTRO DE SALUD SEGOVIA II;CL. DEL PARQUE 37  ;SEGOVIA;SEGOVIA;921443162;CENTROS DE ATENCIÓN PRIMARIA: CENTROS DE SALUD
CENTRO DE SALUD SEGOVIA III;AV. VÍA ROMA   ;SEGOVIA;SEGOVIA;921412933;CENTROS DE ATENCIÓN PRIMARIA: CENTROS DE SALUD
CENTRO DE SALUD SEGOVIA RURAL;CL. ALTOS DE LA PIEDAD 0  ;SEGOVIA;SEGOVIA;921442590;CENTROS DE ATENCIÓN PRIMARIA: CENTROS DE SALUD
CENTRO DE SALUD SISINIO DE CASTRO;PS. DEL ROMERO 0  ;SALAMANCA;SALAMANCA;923232150;CENTROS DE ATENCIÓN PRIMARIA: CENTROS DE SALUD
CENTRO DE SALUD SORIA NORTE;PS. DEL ESPOLÓN 16  3;SORIA;SORIA;975221561;CENTROS DE ATENCIÓN PRIMARIA: CENTROS DE SALUD
CENTRO DE SALUD SORIA RURAL;CR. DE LOGROÑO   ;SORIA;SORIA;975228282;CENTROS DE ATENCIÓN PRIMARIA: CENTROS DE SALUD
CENTRO DE SALUD SORIA SUR (LA MILAGROSA);CL. NICOLÁS RABAL 19  ;SORIA;SORIA;975221299;CENTROS DE ATENCIÓN PRIMARIA: CENTROS DE SALUD
CENTRO DE SALUD TÓRTOLA;CL. TÓRTOLA 19  ;VALLADOLID;VALLADOLID;983398674;CENTROS DE ATENCIÓN PRIMARIA: CENTROS DE SALUD
CENTRO DE SALUD UNIVERSIDAD-CENTRO (FILIBERTO VILLALOBOS);RD. SANCTI SPIRITUS 43  ;SALAMANCA;SALAMANCA;923219911;CENTROS DE ATENCIÓN PRIMARIA: CENTROS DE SALUD
CENTRO DE SALUD VALLADOLID RURAL I (RENEDO);CR. DE VALLADOLID 0  ;RENEDO;VALLADOLID;983508250;CENTROS DE ATENCIÓN PRIMARIA: CENTROS DE SALUD
CENTRO DE SALUD VALLADOLID RURAL II (ZARATÁN);CL. EUSEBIO GONZÁLEZ SUÁREZ 0  ;ZARATAN;VALLADOLID;983362231;CENTROS DE ATENCIÓN PRIMARIA: CENTROS DE SALUD
CENTRO DE SALUD VIRGEN DE LA CONCHA;AV. REQUEJO 31  ;ZAMORA;ZAMORA;980513411;CENTROS DE ATENCIÓN PRIMARIA: CENTROS DE SALUD
CENTRO SALUD PARADA DEL MOLINO;CL. PARADA DEL MOLINO 2  ;ZAMORA;ZAMORA;980511411;CENTROS DE ATENCIÓN PRIMARIA: CENTROS DE SALUD
